id;msg;from_user_enc_id;to_user_enc_id;cargo_request_id
1;nor now;2627257c-8cd5-4c37-a73b-86315ee04e75;6033aaa1-14b8-46e8-80b3-c7e539542773;9516
2;ha harvest;7cca81c1-1d15-4713-9685-4b7d9c2a4cbe;adc28bb4-77f9-4142-94c8-04a21aa5b387;21630
3;oddly whoever;713daa8e-70e0-4cef-89e6-11dfa9e79b7f;fe378182-4e23-4e56-89f7-2ea09dcdb364;25309
4;alb standard;a9ce9b71-4202-4a7c-8111-6434e5c915fb;208d3c84-f0d8-4108-861f-f2e95e38ac5b;29938
5;inasmuch vice;041716ec-293b-4e46-997a-dcbbdb787fbc;d31fd049-40f9-417a-a8c4-7b95b192ffe5;7903
6;how er frightfully;4bb86c96-b23b-433f-a779-6716b4a982bb;991e59f3-14e5-4632-b9b5-fda0726a022e;90
7;athwart aside;a7eb898c-3b32-4a80-9ca1-2b07284b2c04;6a60f200-8c88-443c-92b9-332e7a9db3ee;30565
8;impossible chunder;a1005635-e57d-428c-a41f-31d183933367;eb8e7e88-9b98-489b-bb19-4c8d37ae7b8d;11277
9;plus godparent;04354165-9ec9-42e2-95c0-55c7f02b4d10;709acf25-e516-43ce-9bd0-49e288704ca2;1910
10;councilman midst;f9830860-c79f-4cf4-95a9-f134fa41eadf;7fdfd1b6-9669-4ca3-bf11-31d297fde9c9;16082
