id;msg;from_user_enc_id;to_user_enc_id;trip_id
1;over;cf4b1919-9451-4843-9b94-308bcf49b892;e23d92e7-19ea-42f3-9cda-24dc17fc0778;22478
2;shameless passport carboxyl;4e4d5285-e1e2-44bc-ace9-47bc7959bf73;bfe3cd10-2174-46c4-9393-0ab3d88639ca;1226
3;yippee atop;fc69874e-53eb-4944-b260-e4287f4ee858;6fee41c6-6c46-4485-84de-a2443dc520fa;6890
4;dash to;35d1637d-67b8-4813-8276-e43d58907e7d;f32fc934-649a-499a-af04-60a896954bca;21084
5;reassuringly;0843d496-b24e-4443-9594-640142f95f0c;59279042-aacf-4777-a4bc-530d516db621;10911
6;train impractical;fdd70643-feca-4534-ad64-5d5b9bc6359e;7507f7e7-d236-426d-985b-1c6f0dcfff42;519
7;serve circa;538a372a-e256-4f28-8b5e-a65f533c6046;7ed0ef22-5d46-4d11-a483-c351892af3a6;2480
8;drag monasticism iridescence;42ce78fb-c70b-4a0f-bab7-4b77d8d67c64;6261a898-55a4-4cc5-8167-f70cadd3a019;1510
9;afore;d75b1d33-da07-482e-9de4-006e2e983e58;cc41b8e0-057f-4fef-8fc5-f116a81d1b72;19180
10;since duh;3cdb8333-c12b-49f2-b252-34f45d14ff45;db3ae750-c266-42dd-9f47-9c860cea7645;1431
