id;rate;note;rate_date;rated_by_enc_id;rated_enc_id
1;31946;release than;2025-02-14T03:48:27;1fecb4f2-cbfa-4db8-acce-9cf7eebcbf9d;0a9082eb-05b9-49b0-8d56-c764a9eedddd
2;19097;though phew stark;2025-02-14T14:45:52;ac339719-31a9-4873-82e5-83a469e98acf;7ad4a904-2457-4c80-a7a1-58a7cbad1c4c
3;21061;whether ouch athwart;2025-02-14T11:43:59;d6c7df52-7359-4473-b994-69409ba3e041;1aff6622-4d10-4a49-963b-96cedae3635b
4;32740;hm ouch huff;2025-02-14T18:06:08;520c1c38-85dc-4eef-834a-51ee2a75b8c5;1495f5dc-d3f0-4a96-96c1-87793ffe6adc
5;668;yowza via terribly;2025-02-14T14:45:39;7c6e8502-016a-4995-8d95-8bef92c4237e;fdf5ac6e-235f-4bfc-9510-ca1c058b3c5e
6;2494;ha;2025-02-14T15:16:39;49518511-ec64-4558-a245-084d67fdd012;2b5a8b8a-2c31-43ab-bb1c-b114b0b39086
7;19996;nephew nearly calmly;2025-02-14T00:20:09;6cfc6447-c522-48ec-89d5-0a0d3812f3dd;14d9ac00-8ec1-415d-8437-85dd8c6249f0
8;29235;swift;2025-02-14T03:32:04;94a75f72-9a7d-4490-876f-a55aa300885b;2a50edbb-08e7-483c-899f-04b22addc447
9;22222;outdo hopelessly;2025-02-14T02:08:13;69433384-49b3-4c57-b8f4-ac11ae7f989f;8110b4bf-b68e-4aa7-a757-9c9fd2ee3a98
10;17194;fruitful nab;2025-02-14T02:36:51;5443241f-2636-418b-a65d-13c5a8c18b45;7579bd14-639c-4ecf-804b-a626f279017d
